{"cameraMode":{"drawMode":0,"name":"Shaded","section":"Shading Mode"},"sceneLighting":true,"audioPlay":false,"sceneViewState":{"m_AlwaysRefresh":false,"showFog":true,"showSkybox":true,"showFlares":true,"showImageEffects":true,"showParticleSystems":true,"showVisualEffectGraphs":true,"m_FxEnabled":true},"in2DMode":false,"pivot":{"x":1.6962132453918458,"y":1.5934853553771973,"z":0.2767036259174347},"rotation":{"x":0.1459823101758957,"y":-0.3125998079776764,"z":0.048684731125831607,"w":0.9373394250869751},"size":4.044519424438477,"orthographic":true}